<?xml version="1.0"?>
<doc>
    <assembly>
        <name>SmartFormat.Extensions.Newtonsoft.Json</name>
    </assembly>
    <members>
        <member name="T:SmartFormat.Extensions.NewtonsoftJsonSource">
            <summary>
            Class to evaluate <see cref="N:Newtonsoft.Json"/> JSON sources
            of type <see cref="T:Newtonsoft.Json.Linq.JObject"/> and <see cref="T:Newtonsoft.Json.Linq.JValue"/>.
            Include this source, if any of these types shall be used.
            </summary>
        </member>
        <member name="M:SmartFormat.Extensions.NewtonsoftJsonSource.TryEvaluateSelector(SmartFormat.Core.Extensions.ISelectorInfo)">
            <inheritdoc />
        </member>
    </members>
</doc>
