<?xml version="1.0"?>
<doc>
    <assembly>
        <name>System.DirectoryServices</name>
    </assembly>
    <members>
        <member name="P:System.SR.DSDoesNotImplementIADs">
            <summary>The value provided for adsObject does not implement IADs.</summary>
        </member>
        <member name="P:System.SR.DSNoObject">
            <summary>There is no such object on the server.</summary>
        </member>
        <member name="P:System.SR.DSInvalidPath">
            <summary>The path is invalid.</summary>
        </member>
        <member name="P:System.SR.DSNotAContainer">
            <summary>The Active Directory object located at the path {0} is not a container.</summary>
        </member>
        <member name="P:System.SR.DSCannotDelete">
            <summary>The object cannot be deleted.</summary>
        </member>
        <member name="P:System.SR.DSNoCurrentChild">
            <summary>There is no current child object.</summary>
        </member>
        <member name="P:System.SR.DSCannotCount">
            <summary>The directory cannot report the number of properties.</summary>
        </member>
        <member name="P:System.SR.DSCannotEmunerate">
            <summary>The entry properties cannot be enumerated. Consider using the entry schema to determine what properties are available.</summary>
        </member>
        <member name="P:System.SR.DSNoCurrentProperty">
            <summary>No current property exists.</summary>
        </member>
        <member name="P:System.SR.DSNoCurrentValue">
            <summary>No current value is available.</summary>
        </member>
        <member name="P:System.SR.DSBadPageSize">
            <summary>The PageSize must be greater than 0 or set to 0 for no paging.</summary>
        </member>
        <member name="P:System.SR.DSBadSizeLimit">
            <summary>SizeLimit must be greater than or equal to 0.</summary>
        </member>
        <member name="P:System.SR.DSSearchUnsupported">
            <summary>The provider does not support searching and cannot search {0}.</summary>
        </member>
        <member name="P:System.SR.DSNoCurrentEntry">
            <summary>No current entry exists.</summary>
        </member>
        <member name="P:System.SR.DSInvalidSearchFilter">
            <summary>The {0} search filter is invalid.</summary>
        </member>
        <member name="P:System.SR.DSConvertFailed">
            <summary>The ADSVALUE with the union value {0} cannot be converted to the ADSTYPEENUM type {1}.</summary>
        </member>
        <member name="P:System.SR.DSConvertTypeInvalid">
            <summary>ADSVALUE type is invalid.</summary>
        </member>
        <member name="P:System.SR.DSAdsvalueTypeNYI">
            <summary>Handling of this ADSVALUE type is not yet implemented (type = {0}).</summary>
        </member>
        <member name="P:System.SR.DSAdsiNotInstalled">
            <summary>Active Directory Client is not installed on this computer.</summary>
        </member>
        <member name="P:System.SR.DSNotSet">
            <summary>[Not Set]</summary>
        </member>
        <member name="P:System.SR.DSEnumerator">
            <summary>Enumerator is positioned before the first item or after the last item.</summary>
        </member>
        <member name="P:System.SR.DSPropertySetSupported">
            <summary>New PropertyValueCollection cannot be set into a DirectoryEntry PropertyCollection.</summary>
        </member>
        <member name="P:System.SR.DSAddNotSupported">
            <summary>New properties cannot be added to a DirectoryEntry PropertyCollection.</summary>
        </member>
        <member name="P:System.SR.DSClearNotSupported">
            <summary>DirectoryEntry PropertyCollection cannot be cleared.</summary>
        </member>
        <member name="P:System.SR.DSRemoveNotSupported">
            <summary>Properties cannot be removed from a DirectoryEntry PropertyCollection.</summary>
        </member>
        <member name="P:System.SR.DSSearchPreferencesNotAccepted">
            <summary>The value for the property {0} cannot be set.</summary>
        </member>
        <member name="P:System.SR.DSBadBeforeCount">
            <summary>BeforeCount must be greater than or equal to 0.</summary>
        </member>
        <member name="P:System.SR.DSBadAfterCount">
            <summary>AfterCount must be greater than or equal to 0.</summary>
        </member>
        <member name="P:System.SR.DSBadOffset">
            <summary>Offset must be greater than or equal to 0.</summary>
        </member>
        <member name="P:System.SR.DSBadTargetPercentage">
            <summary>Target percentage should be in the range of 0 to 100 inclusively.</summary>
        </member>
        <member name="P:System.SR.DSBadApproximateTotal">
            <summary>ApproximateTotal must be greater or equal to 0.</summary>
        </member>
        <member name="P:System.SR.DSBadPageSizeDirsync">
            <summary>DirectorySynchronization cannot be combined with PageSize.</summary>
        </member>
        <member name="P:System.SR.DSBadCacheResultsVLV">
            <summary>VirtualListView cannot be combined with CacheResults.</summary>
        </member>
        <member name="P:System.SR.DSBadASQSearchScope">
            <summary>When AttributeScopeQuery is specified, only SearchScope.Base is supported.</summary>
        </member>
        <member name="P:System.SR.DSPropertyValueSupportOneOperation">
            <summary>Only one type of operation can be performed in a sequence.</summary>
        </member>
        <member name="P:System.SR.DSUnknownFailure">
            <summary>An unknown error occurred.</summary>
        </member>
        <member name="P:System.SR.DSNotSupportOnClient">
            <summary>This property is only supported on computers running Windows XP and later operating systems.</summary>
        </member>
        <member name="P:System.SR.DSNotSupportOnDC">
            <summary>This property is not supported when targeting Windows Server 2000 domain controllers.</summary>
        </member>
        <member name="P:System.SR.DirectoryContextNeedHost">
            <summary>The target of the directory context should be an Active Directory domain controller or ADAM instance.</summary>
        </member>
        <member name="P:System.SR.DSSyncAllFailure">
            <summary>An error occurred when synchronizing the server.</summary>
        </member>
        <member name="P:System.SR.UnknownTransport">
            <summary>"{0}" is an unknown ActiveDirectoryTransportType.</summary>
        </member>
        <member name="P:System.SR.NotSupportTransportSMTP">
            <summary>ActiveDirectoryTransportType.Smtp not supported.</summary>
        </member>
        <member name="P:System.SR.CannotDelete">
            <summary>The newly created object has not been committed to the backend store, so it cannot be deleted.</summary>
        </member>
        <member name="P:System.SR.CannotGetObject">
            <summary>The newly created object has not been committed to the backend store, so GetDirectoryEntry cannot be called.</summary>
        </member>
        <member name="P:System.SR.DSNotFound">
            <summary>The Specified directory object cannot be found.</summary>
        </member>
        <member name="P:System.SR.TransportNotFound">
            <summary>The transport "{0}" cannot be found.</summary>
        </member>
        <member name="P:System.SR.SiteNotExist">
            <summary>The site "{0}" does not exist.</summary>
        </member>
        <member name="P:System.SR.SiteNotCommitted">
            <summary>The site "{0}" is newly created and has not been committed to the backend store.</summary>
        </member>
        <member name="P:System.SR.NoCurrentSite">
            <summary>The computer is not in a site.</summary>
        </member>
        <member name="P:System.SR.SubnetNotCommitted">
            <summary>The subnet "{0}" is newly created and has not been committed to the backend store.</summary>
        </member>
        <member name="P:System.SR.SiteLinkNotCommitted">
            <summary>The site link "{0}" is newly created and has not been committed to the backend store.</summary>
        </member>
        <member name="P:System.SR.ConnectionNotCommitted">
            <summary>The replication connection "{0}" is newly created and has not been committed to the backend store.</summary>
        </member>
        <member name="P:System.SR.AlreadyExistingForestTrust">
            <summary>A forest trust relationship exists between "{0}" and "{1}".</summary>
        </member>
        <member name="P:System.SR.AlreadyExistingDomainTrust">
            <summary>A domain trust relationship exists between "{0}" and "{1}".</summary>
        </member>
        <member name="P:System.SR.NotFoundInCollection">
            <summary>Cannot remove "{0}". It was not found in the specified collection.</summary>
        </member>
        <member name="P:System.SR.AlreadyExistingInCollection">
            <summary>Cannot add "{0}". It currently exists in the specified collection.</summary>
        </member>
        <member name="P:System.SR.NTDSSiteSetting">
            <summary>The site "{0}" does not contain a nTDSSiteSettings object.</summary>
        </member>
        <member name="P:System.SR.NotWithinSite">
            <summary>This directory server is not in the current site.</summary>
        </member>
        <member name="P:System.SR.InvalidTime">
            <summary>The end time must be later than the start time.</summary>
        </member>
        <member name="P:System.SR.UnableToRetrieveDomainInfo">
            <summary>Information about the domain could not be retrieved ({0}).</summary>
        </member>
        <member name="P:System.SR.UnableToOpenToken">
            <summary>The thread or process token could not be accessed ({0}).</summary>
        </member>
        <member name="P:System.SR.UnableToRetrieveTokenInfo">
            <summary>Information from the thread token could not be retrieved ({0}).</summary>
        </member>
        <member name="P:System.SR.UnableToRetrievePolicy">
            <summary>This computer's policy information could not be retrieved ({0}).</summary>
        </member>
        <member name="P:System.SR.UpdateAvailableRIDPoolOverflowFailure">
            <summary>Failure in updating rIDAvailablePool value. New value exceeds the maximum limit.</summary>
        </member>
        <member name="P:System.SR.EmptyStringParameter">
            <summary>The specified string parameter is empty.</summary>
        </member>
        <member name="P:System.SR.TargetShouldBeADAMServer">
            <summary>The name specified in the directory context must be an ADAM instance.</summary>
        </member>
        <member name="P:System.SR.TargetShouldBeDC">
            <summary>The name specified in the directory context must be an Active Directory domain controller.</summary>
        </member>
        <member name="P:System.SR.TargetShouldBeAppNCDnsName">
            <summary>The name specified in the directory context must be the DNS name of the application partition.</summary>
        </member>
        <member name="P:System.SR.TargetShouldBeServerORForest">
            <summary>The name specified in the directory context must be an Active Directory domain controller or a forest.</summary>
        </member>
        <member name="P:System.SR.TargetShouldBeServerORDomain">
            <summary>The name specified in the directory context must be an Active Directory domain controller or a domain.</summary>
        </member>
        <member name="P:System.SR.TargetShouldBeDomain">
            <summary>The name specified in the directory context must be an Active Directory domain.</summary>
        </member>
        <member name="P:System.SR.TargetShouldBeForest">
            <summary>The name specified in the directory context must be an Active Directory forest.</summary>
        </member>
        <member name="P:System.SR.TargetShouldBeConfigSet">
            <summary>The name specified in the directory context must be an ADAM configuration set.</summary>
        </member>
        <member name="P:System.SR.TargetShouldBeServerORConfigSet">
            <summary>The name specified in the directory context must be an ADAM instance or an ADAM configuration set.</summary>
        </member>
        <member name="P:System.SR.TargetShouldBeGC">
            <summary>The name specified in the directory context must be a global catalog.</summary>
        </member>
        <member name="P:System.SR.TargetShouldBeServer">
            <summary>The name specified in the directory context must be an Active Directory domain controller or an ADAM instance.</summary>
        </member>
        <member name="P:System.SR.NotADOrADAM">
            <summary>The specified name is not a forest, Active Directory domain controller, ADAM instance, or ADAM configuration set.</summary>
        </member>
        <member name="P:System.SR.ServerNotAReplica">
            <summary>The directory server does not host the specified application partition.</summary>
        </member>
        <member name="P:System.SR.AppNCNotFound">
            <summary>The specified application partition does not exist.</summary>
        </member>
        <member name="P:System.SR.ReplicaNotFound">
            <summary>A Directory server that hosts the specified application partition not found.</summary>
        </member>
        <member name="P:System.SR.GCNotFoundInForest">
            <summary>Global catalog not found in forest "{0}".</summary>
        </member>
        <member name="P:System.SR.DCNotFoundInDomain">
            <summary>Domain controller not found in the domain "{0}".</summary>
        </member>
        <member name="P:System.SR.ADAMInstanceNotFoundInConfigSet">
            <summary>ADAM instance not found in configuration set "{0}".</summary>
        </member>
        <member name="P:System.SR.DCNotFound">
            <summary>Domain controller "{0}" does not exist or cannot be contacted.</summary>
        </member>
        <member name="P:System.SR.GCNotFound">
            <summary>Global catalog "{0}" does not exist or cannot be contacted.</summary>
        </member>
        <member name="P:System.SR.AINotFound">
            <summary>ADAM instance "{0}" does not exist or cannot be contacted.</summary>
        </member>
        <member name="P:System.SR.ServerNotFound">
            <summary>Directory server "{0}" does not exist or cannot be contacted.</summary>
        </member>
        <member name="P:System.SR.DomainNotFound">
            <summary>The specified domain does not exist or cannot be contacted.</summary>
        </member>
        <member name="P:System.SR.ForestNotFound">
            <summary>The specified forest does not exist or cannot be contacted.</summary>
        </member>
        <member name="P:System.SR.ConfigSetNotFound">
            <summary>The specified ADAM configuration set does not exist or cannot be contacted.</summary>
        </member>
        <member name="P:System.SR.NDNCNotFound">
            <summary>The specified application partition does not exist or cannot be contacted.</summary>
        </member>
        <member name="P:System.SR.PropertyNotFoundOnObject">
            <summary>Property "{0}" on object "{1}" not found.</summary>
        </member>
        <member name="P:System.SR.PropertyNotFound">
            <summary>Property "{0}" not found.</summary>
        </member>
        <member name="P:System.SR.ADAMInstanceNotFound">
            <summary>An ADAM instance could not be found.</summary>
        </member>
        <member name="P:System.SR.CannotPerformOperationOnUncommittedObject">
            <summary>Operation valid only for objects that exist on the backend store.</summary>
        </member>
        <member name="P:System.SR.InvalidServerNameFormat">
            <summary>The server object name has an invalid format.</summary>
        </member>
        <member name="P:System.SR.NoObjectClassForADPartition">
            <summary>Object class must not be specified for Active Directory application partitions.</summary>
        </member>
        <member name="P:System.SR.InvalidDNFormat">
            <summary>The specified distinguished name has an invalid format.</summary>
        </member>
        <member name="P:System.SR.ApplicationPartitionTypeUnknown">
            <summary>Application partition is neither an Active Directory, nor ADAM application partition.</summary>
        </member>
        <member name="P:System.SR.UnknownSyntax">
            <summary>Schema property "{0}" has an unknown syntax.</summary>
        </member>
        <member name="P:System.SR.InvalidMode">
            <summary>The requested mode is invalid.</summary>
        </member>
        <member name="P:System.SR.NoW2K3DCs">
            <summary>No Windows Server 2003 domain controllers exist in the domain.</summary>
        </member>
        <member name="P:System.SR.DCInfoNotFound">
            <summary>Domain controller data not found for the specified Active Directory domain controller.</summary>
        </member>
        <member name="P:System.SR.NoW2K3DCsInForest">
            <summary>No Windows Server 2003 domain controllers exist in the forest.</summary>
        </member>
        <member name="P:System.SR.SchemaObjectNotCommitted">
            <summary>The schema object "{0}" is newly created and has not been committed to the backend store.</summary>
        </member>
        <member name="P:System.SR.InvalidFlags">
            <summary>One or more flags are invalid.</summary>
        </member>
        <member name="P:System.SR.CannotPerformOnGCObject">
            <summary>Cannot perform this operation on a global catalog object.</summary>
        </member>
        <member name="P:System.SR.ValueCannotBeModified">
            <summary>The specified value cannot be removed or overwritten. It is inherited from a super class.</summary>
        </member>
        <member name="P:System.SR.ServerShouldBeW2K3">
            <summary>The Active Directory domain controller must be running Windows Server 2003 operating system or later.</summary>
        </member>
        <member name="P:System.SR.LinkedPropertyNotFound">
            <summary>Schema property with link id "{0}" not found.</summary>
        </member>
        <member name="P:System.SR.GCDisabled">
            <summary>Cannot perform this operation on disabled global catalog object.</summary>
        </member>
        <member name="P:System.SR.PropertyInvalidForADAM">
            <summary>This property is not supported for an ADAM application partition.</summary>
        </member>
        <member name="P:System.SR.OperationInvalidForADAM">
            <summary>This operation is not supported for an ADAM application partition.</summary>
        </member>
        <member name="P:System.SR.ContextNotAssociatedWithDomain">
            <summary>Current security context is not associated with an Active Directory domain or forest.</summary>
        </member>
        <member name="P:System.SR.ComputerNotJoinedToDomain">
            <summary>The local computer is not joined to a domain or the domain cannot be contacted.</summary>
        </member>
        <member name="P:System.SR.NoHostName">
            <summary>Unable to obtain DNS hostname of Active Directory domain controller with ntdsa object name "{0}".</summary>
        </member>
        <member name="P:System.SR.NoHostNameOrPortNumber">
            <summary>Unable to obtain DNS hostname or port number of ADAM instance with ntdsa object name "{0}".</summary>
        </member>
        <member name="P:System.SR.Name">
            <summary>Name: "{0}"</summary>
        </member>
        <member name="P:System.SR.OneLevelPartitionNotSupported">
            <summary>Creation of single level application partition is not supported.</summary>
        </member>
        <member name="P:System.SR.SiteNameNotFound">
            <summary>Unable to obtain the site name of domain controller "{0}".</summary>
        </member>
        <member name="P:System.SR.SiteObjectNameNotFound">
            <summary>Unable to obtain the distinguished name of the site object for domain controller "{0}".</summary>
        </member>
        <member name="P:System.SR.ComputerObjectNameNotFound">
            <summary>Unable to obtain the distinguished name of the computer object of domain controller "{0}".</summary>
        </member>
        <member name="P:System.SR.ServerObjectNameNotFound">
            <summary>Unable to obtain the distinguished name of the server object of domain controller "{0}".</summary>
        </member>
        <member name="P:System.SR.NtdsaObjectNameNotFound">
            <summary>Unable to obtain the distinguished name of the ntds settings object of domain controller "{0}".</summary>
        </member>
        <member name="P:System.SR.NtdsaObjectGuidNotFound">
            <summary>Unable to obtain the guid of the ntds settings object of domain controller "{0}".</summary>
        </member>
        <member name="P:System.SR.OnlyDomainOrForest">
            <summary>DirectoryContextType.Domain and DirectoryContextType.Forest are the only valid values for contextType when the name of the context is not specified.</summary>
        </member>
        <member name="P:System.SR.ServerShouldBeDC">
            <summary>The specified directory server must be an Active Directory domain controller.</summary>
        </member>
        <member name="P:System.SR.ServerShouldBeAI">
            <summary>The specified directory server must be an ADAM instance.</summary>
        </member>
        <member name="P:System.SR.CannotModifySacl">
            <summary>The system acl cannot be modified as it was not retrieved from the backend store.</summary>
        </member>
        <member name="P:System.SR.CannotModifyDacl">
            <summary>The discretionary acl cannot be modified as it was not retrieved from the backend store.</summary>
        </member>
        <member name="P:System.SR.ForestTrustCollision">
            <summary>A collision occurred in the forest trust relationship.</summary>
        </member>
        <member name="P:System.SR.ForestTrustDoesNotExist">
            <summary>A forest trust relationship does not exist between "{0}" and "{1}".</summary>
        </member>
        <member name="P:System.SR.DomainTrustDoesNotExist">
            <summary>A domain trust relationship does not exist between "{0}" and "{1}".</summary>
        </member>
        <member name="P:System.SR.WrongForestTrust">
            <summary>A forest trust relationship should not exist between "{0}" and "{1}".</summary>
        </member>
        <member name="P:System.SR.WrongTrustDirection">
            <summary>The trust relationship between "{0}" and "{1}" is not "{2}".</summary>
        </member>
        <member name="P:System.SR.NT4NotSupported">
            <summary>Trust relationship with Windows NT 4.0 domain not supported.</summary>
        </member>
        <member name="P:System.SR.KerberosNotSupported">
            <summary>Operation for Kerberos type trust not supported.</summary>
        </member>
        <member name="P:System.SR.DSPropertyListUnsupported">
            <summary>The provider does not support retrieval of the security descriptor in binary form.</summary>
        </member>
        <member name="P:System.SR.DSMultipleSDNotSupported">
            <summary>Multiple security descriptors for an object are not supported.</summary>
        </member>
        <member name="P:System.SR.DSSDNoValues">
            <summary>ntSecurityDescriptor property exists in cache, but has no values.</summary>
        </member>
        <member name="P:System.SR.ConnectionSourcServerShouldBeDC">
            <summary>Must be the name of an Active Directory domain controller.</summary>
        </member>
        <member name="P:System.SR.ConnectionSourcServerShouldBeADAM">
            <summary>Must be the name of an ADAM instance.</summary>
        </member>
        <member name="P:System.SR.ConnectionSourcServerSameForest">
            <summary>Must be in the same Active Directory forest as the name specified in the directory context.</summary>
        </member>
        <member name="P:System.SR.ConnectionSourcServerSameConfigSet">
            <summary>Must be in the same ADAM Configuration Set as the name specified in the directory context.</summary>
        </member>
        <member name="P:System.SR.TrustVerificationNotSupport">
            <summary>Trust verification not supported.</summary>
        </member>
        <member name="P:System.SR.OnlyAllowSingleDimension">
            <summary>Only single dimensional arrays are supported for the requested action.</summary>
        </member>
        <member name="P:System.SR.LessThanZero">
            <summary>Number was less than the array's lower bound in the first dimension.</summary>
        </member>
        <member name="P:System.SR.DestinationArrayNotLargeEnough">
            <summary>Destination array was not long enough. Check destIndex and length, and the array's lower bounds.</summary>
        </member>
        <member name="P:System.SR.NoNegativeTime">
            <summary>A negative value is not permitted for the replication interval.</summary>
        </member>
        <member name="P:System.SR.ReplicationIntervalExceedMax">
            <summary>The value exceeds the maximum allowed for replication interval.</summary>
        </member>
        <member name="P:System.SR.ReplicationIntervalInMinutes">
            <summary>The value can not be represented in whole minutes.</summary>
        </member>
        <member name="P:System.SR.TimespanExceedMax">
            <summary>The value exceeds the maximum allowed.</summary>
        </member>
        <member name="P:System.SR.DirectoryServices_PlatformNotSupported">
            <summary>System.DirectoryServices is not supported on this platform.</summary>
        </member>
        <member name="T:System.Runtime.InteropServices.LibraryImportAttribute">
            <summary>
            Attribute used to indicate a source generator should create a function for marshalling
            arguments instead of relying on the runtime to generate an equivalent marshalling function at run-time.
            </summary>
            <remarks>
            This attribute is meaningless if the source generator associated with it is not enabled.
            The current built-in source generator only supports C# and only supplies an implementation when
            applied to static, partial, non-generic methods.
            </remarks>
        </member>
        <member name="M:System.Runtime.InteropServices.LibraryImportAttribute.#ctor(System.String)">
            <summary>
            Initializes a new instance of the <see cref="T:System.Runtime.InteropServices.LibraryImportAttribute"/>.
            </summary>
            <param name="libraryName">Name of the library containing the import.</param>
        </member>
        <member name="P:System.Runtime.InteropServices.LibraryImportAttribute.LibraryName">
            <summary>
            Gets the name of the library containing the import.
            </summary>
        </member>
        <member name="P:System.Runtime.InteropServices.LibraryImportAttribute.EntryPoint">
            <summary>
            Gets or sets the name of the entry point to be called.
            </summary>
        </member>
        <member name="P:System.Runtime.InteropServices.LibraryImportAttribute.StringMarshalling">
            <summary>
            Gets or sets how to marshal string arguments to the method.
            </summary>
            <remarks>
            If this field is set to a value other than <see cref="F:System.Runtime.InteropServices.StringMarshalling.Custom" />,
            <see cref="P:System.Runtime.InteropServices.LibraryImportAttribute.StringMarshallingCustomType" /> must not be specified.
            </remarks>
        </member>
        <member name="P:System.Runtime.InteropServices.LibraryImportAttribute.StringMarshallingCustomType">
            <summary>
            Gets or sets the <see cref="T:System.Type"/> used to control how string arguments to the method are marshalled.
            </summary>
            <remarks>
            If this field is specified, <see cref="P:System.Runtime.InteropServices.LibraryImportAttribute.StringMarshalling" /> must not be specified
            or must be set to <see cref="F:System.Runtime.InteropServices.StringMarshalling.Custom" />.
            </remarks>
        </member>
        <member name="P:System.Runtime.InteropServices.LibraryImportAttribute.SetLastError">
            <summary>
            Gets or sets whether the callee sets an error (SetLastError on Windows or errno
            on other platforms) before returning from the attributed method.
            </summary>
        </member>
        <member name="T:System.Runtime.InteropServices.StringMarshalling">
            <summary>
            Specifies how strings should be marshalled for generated p/invokes
            </summary>
        </member>
        <member name="F:System.Runtime.InteropServices.StringMarshalling.Custom">
            <summary>
            Indicates the user is suppling a specific marshaller in <see cref="P:System.Runtime.InteropServices.LibraryImportAttribute.StringMarshallingCustomType"/>.
            </summary>
        </member>
        <member name="F:System.Runtime.InteropServices.StringMarshalling.Utf8">
            <summary>
            Use the platform-provided UTF-8 marshaller.
            </summary>
        </member>
        <member name="F:System.Runtime.InteropServices.StringMarshalling.Utf16">
            <summary>
            Use the platform-provided UTF-16 marshaller.
            </summary>
        </member>
        <member name="T:System.Runtime.Versioning.OSPlatformAttribute">
            <summary>
            Base type for all platform-specific API attributes.
            </summary>
        </member>
        <member name="T:System.Runtime.Versioning.TargetPlatformAttribute">
            <summary>
            Records the platform that the project targeted.
            </summary>
        </member>
        <member name="T:System.Runtime.Versioning.SupportedOSPlatformAttribute">
             <summary>
             Records the operating system (and minimum version) that supports an API. Multiple attributes can be
             applied to indicate support on multiple operating systems.
             </summary>
             <remarks>
             Callers can apply a <see cref="T:System.Runtime.Versioning.SupportedOSPlatformAttribute" />
             or use guards to prevent calls to APIs on unsupported operating systems.
            
             A given platform should only be specified once.
             </remarks>
        </member>
        <member name="T:System.Runtime.Versioning.UnsupportedOSPlatformAttribute">
            <summary>
            Marks APIs that were removed in a given operating system version.
            </summary>
            <remarks>
            Primarily used by OS bindings to indicate APIs that are only available in
            earlier versions.
            </remarks>
        </member>
        <member name="T:System.Runtime.Versioning.ObsoletedOSPlatformAttribute">
            <summary>
            Marks APIs that were obsoleted in a given operating system version.
            </summary>
            <remarks>
            Primarily used by OS bindings to indicate APIs that should not be used anymore.
            </remarks>
        </member>
        <member name="T:System.Runtime.Versioning.SupportedOSPlatformGuardAttribute">
             <summary>
             Annotates a custom guard field, property or method with a supported platform name and optional version.
             Multiple attributes can be applied to indicate guard for multiple supported platforms.
             </summary>
             <remarks>
             Callers can apply a <see cref="T:System.Runtime.Versioning.SupportedOSPlatformGuardAttribute" /> to a field, property or method
             and use that field, property or method in a conditional or assert statements in order to safely call platform specific APIs.
            
             The type of the field or property should be boolean, the method return type should be boolean in order to be used as platform guard.
             </remarks>
        </member>
        <member name="T:System.Runtime.Versioning.UnsupportedOSPlatformGuardAttribute">
             <summary>
             Annotates the custom guard field, property or method with an unsupported platform name and optional version.
             Multiple attributes can be applied to indicate guard for multiple unsupported platforms.
             </summary>
             <remarks>
             Callers can apply a <see cref="T:System.Runtime.Versioning.UnsupportedOSPlatformGuardAttribute" /> to a field, property or method
             and use that  field, property or method in a conditional or assert statements as a guard to safely call APIs unsupported on those platforms.
            
             The type of the field or property should be boolean, the method return type should be boolean in order to be used as platform guard.
             </remarks>
        </member>
        <member name="T:System.Diagnostics.CodeAnalysis.AllowNullAttribute">
            <summary>Specifies that null is allowed as an input even if the corresponding type disallows it.</summary>
        </member>
        <member name="T:System.Diagnostics.CodeAnalysis.DisallowNullAttribute">
            <summary>Specifies that null is disallowed as an input even if the corresponding type allows it.</summary>
        </member>
        <member name="T:System.Diagnostics.CodeAnalysis.MaybeNullAttribute">
            <summary>Specifies that an output may be null even if the corresponding type disallows it.</summary>
        </member>
        <member name="T:System.Diagnostics.CodeAnalysis.NotNullAttribute">
            <summary>Specifies that an output will not be null even if the corresponding type allows it. Specifies that an input argument was not null when the call returns.</summary>
        </member>
        <member name="T:System.Diagnostics.CodeAnalysis.MaybeNullWhenAttribute">
            <summary>Specifies that when a method returns <see cref="P:System.Diagnostics.CodeAnalysis.MaybeNullWhenAttribute.ReturnValue"/>, the parameter may be null even if the corresponding type disallows it.</summary>
        </member>
        <member name="M:System.Diagnostics.CodeAnalysis.MaybeNullWhenAttribute.#ctor(System.Boolean)">
            <summary>Initializes the attribute with the specified return value condition.</summary>
            <param name="returnValue">
            The return value condition. If the method returns this value, the associated parameter may be null.
            </param>
        </member>
        <member name="P:System.Diagnostics.CodeAnalysis.MaybeNullWhenAttribute.ReturnValue">
            <summary>Gets the return value condition.</summary>
        </member>
        <member name="T:System.Diagnostics.CodeAnalysis.NotNullWhenAttribute">
            <summary>Specifies that when a method returns <see cref="P:System.Diagnostics.CodeAnalysis.NotNullWhenAttribute.ReturnValue"/>, the parameter will not be null even if the corresponding type allows it.</summary>
        </member>
        <member name="M:System.Diagnostics.CodeAnalysis.NotNullWhenAttribute.#ctor(System.Boolean)">
            <summary>Initializes the attribute with the specified return value condition.</summary>
            <param name="returnValue">
            The return value condition. If the method returns this value, the associated parameter will not be null.
            </param>
        </member>
        <member name="P:System.Diagnostics.CodeAnalysis.NotNullWhenAttribute.ReturnValue">
            <summary>Gets the return value condition.</summary>
        </member>
        <member name="T:System.Diagnostics.CodeAnalysis.NotNullIfNotNullAttribute">
            <summary>Specifies that the output will be non-null if the named parameter is non-null.</summary>
        </member>
        <member name="M:System.Diagnostics.CodeAnalysis.NotNullIfNotNullAttribute.#ctor(System.String)">
            <summary>Initializes the attribute with the associated parameter name.</summary>
            <param name="parameterName">
            The associated parameter name.  The output will be non-null if the argument to the parameter specified is non-null.
            </param>
        </member>
        <member name="P:System.Diagnostics.CodeAnalysis.NotNullIfNotNullAttribute.ParameterName">
            <summary>Gets the associated parameter name.</summary>
        </member>
        <member name="T:System.Diagnostics.CodeAnalysis.DoesNotReturnAttribute">
            <summary>Applied to a method that will never return under any circumstance.</summary>
        </member>
        <member name="T:System.Diagnostics.CodeAnalysis.DoesNotReturnIfAttribute">
            <summary>Specifies that the method will not return if the associated Boolean parameter is passed the specified value.</summary>
        </member>
        <member name="M:System.Diagnostics.CodeAnalysis.DoesNotReturnIfAttribute.#ctor(System.Boolean)">
            <summary>Initializes the attribute with the specified parameter value.</summary>
            <param name="parameterValue">
            The condition parameter value. Code after the method will be considered unreachable by diagnostics if the argument to
            the associated parameter matches this value.
            </param>
        </member>
        <member name="P:System.Diagnostics.CodeAnalysis.DoesNotReturnIfAttribute.ParameterValue">
            <summary>Gets the condition parameter value.</summary>
        </member>
        <member name="T:System.Diagnostics.CodeAnalysis.MemberNotNullAttribute">
            <summary>Specifies that the method or property will ensure that the listed field and property members have not-null values.</summary>
        </member>
        <member name="M:System.Diagnostics.CodeAnalysis.MemberNotNullAttribute.#ctor(System.String)">
            <summary>Initializes the attribute with a field or property member.</summary>
            <param name="member">
            The field or property member that is promised to be not-null.
            </param>
        </member>
        <member name="M:System.Diagnostics.CodeAnalysis.MemberNotNullAttribute.#ctor(System.String[])">
            <summary>Initializes the attribute with the list of field and property members.</summary>
            <param name="members">
            The list of field and property members that are promised to be not-null.
            </param>
        </member>
        <member name="P:System.Diagnostics.CodeAnalysis.MemberNotNullAttribute.Members">
            <summary>Gets field or property member names.</summary>
        </member>
        <member name="T:System.Diagnostics.CodeAnalysis.MemberNotNullWhenAttribute">
            <summary>Specifies that the method or property will ensure that the listed field and property members have not-null values when returning with the specified return value condition.</summary>
        </member>
        <member name="M:System.Diagnostics.CodeAnalysis.MemberNotNullWhenAttribute.#ctor(System.Boolean,System.String)">
            <summary>Initializes the attribute with the specified return value condition and a field or property member.</summary>
            <param name="returnValue">
            The return value condition. If the method returns this value, the associated parameter will not be null.
            </param>
            <param name="member">
            The field or property member that is promised to be not-null.
            </param>
        </member>
        <member name="M:System.Diagnostics.CodeAnalysis.MemberNotNullWhenAttribute.#ctor(System.Boolean,System.String[])">
            <summary>Initializes the attribute with the specified return value condition and list of field and property members.</summary>
            <param name="returnValue">
            The return value condition. If the method returns this value, the associated parameter will not be null.
            </param>
            <param name="members">
            The list of field and property members that are promised to be not-null.
            </param>
        </member>
        <member name="P:System.Diagnostics.CodeAnalysis.MemberNotNullWhenAttribute.ReturnValue">
            <summary>Gets the return value condition.</summary>
        </member>
        <member name="P:System.Diagnostics.CodeAnalysis.MemberNotNullWhenAttribute.Members">
            <summary>Gets field or property member names.</summary>
        </member>
    </members>
</doc>
