﻿<?xml version="1.0" encoding="utf-8" standalone="yes"?>
<root>
	<template value="newhire" type="ids">
		<header value="Completed Voice account." />
		<username value="Username:" />
		<userid value="UserID:" />
		<ext value="Ext:" />
		<did value="DID:" />
		<ani value="ANI:" />
		<server value="Server:" />
		<sip value="SIP account:" />
		<polycom value="Phone Station name:" />
		<eib value="HR to update directory on " />
		<tested value="Extension and DID tested and Verified." />
		<extranotes value="" />
	</template>
	<template value="term" type="ids">
		<Username value="termer" />
		<userid value="UserID:" />
		<tested value="Extension and DID tested and Verified " />
		<extranotes value="" />
	</template>
	<template value="forward" type="ids">
		<Username value="termer" />
		<userid value="UserID:" />
		<tested value="Extension and DID tested and Verified " />
		<extranotes value="" />
	</template>
</root>
